depth, time(s), standardDev, maxDelta, minDelta
100, 306.44304184, 13.52147570, 37.21593516, 24.14831984
