depth, trials
100,297.02218400,284.28218900,291.65952200,291.59441300,307.64881700,311.43133600,296.01756600,299.07092600,325.42408600,307.80332700,306.27428600,310.22302500,301.65779600,302.02376300,336.79311000,295.96378900,310.30467200,312.81204300,305.01441800,307.37052100,286.57249700,306.89735300,307.76176600,310.90343400,306.35040600,301.94153500,310.87999700,295.95821100,302.61013800,287.99723200,297.54643000,302.37964000,285.09095400,303.41757300,300.32796900,288.73729000,298.17252500,282.29472200,300.47468900,313.58381500,334.68160500,329.62045000,310.97295800,321.63889500,312.33805500,311.54175400,322.51652200,327.51527200,317.37763900,343.65897700
