depth, time(s), standardDev, maxDelta, minDelta
100, 224.07573420, 31.21039648, 45.63503780, 67.36116720
