depth, time(s), standardDev, maxDelta, minDelta
100, 74.80294840, 2.11751550, 6.98378460, 4.73328040
