qubit, time(s), bandwidth(GB/s)
30, 9.14285714286
31, 9.14285714286
32, 18.2857142857
33, 54.8571428571
34, 91.4285714286
35, 105.142857143
