qubit, time(s), bandwidth(GB/s)
30, 8.0
31, 8.0
32, 8.0
33, 73.1428571429
34, 73.1428571429
35, 109.714285714
