qubit, time(s), bandwidth(GB/s)
30, 9.14285714286
31, 9.14285714286
32, 9.14285714286
33, 64.0
34, 82.2857142857
35, 105.142857143
