depth, trials
100,30.88222300,32.86333900,31.51547200,32.64120400,32.73778800,31.35207800,30.01108100,31.30664700,32.16754900,31.85583800,30.57224800,32.63272700,31.65163600,30.82301100,32.04950000,30.54755600,31.68498300,30.92715100,31.93136200,31.78762400,31.11270700,32.49969700,30.13687500,31.34909100,32.22462100,30.63637100,31.27336000,31.35105500,31.53086600,30.70426600,31.20109900,33.93096600,30.53974400,32.00196300,32.55372700,31.56620300,31.69900100,31.73784100,31.98155400,31.52599700,31.31414600,31.33324900,30.11909200,31.15604100,30.63435800,31.70567600,30.88268800,31.33321400,31.86742500,32.41336800
