depth, trials
100,30.77236100,30.32860500,29.33508800,31.03961900,31.53780600,30.80210100,30.17728300,32.11977900,30.28979400,30.51987800,32.03747900,30.67772100,30.52994600,29.85172300,32.79073800,31.16166400,31.06979100,31.14071700,30.30572000,31.04517100,32.41422300,30.82343000,29.80974000,30.44435300,31.08674200,30.06284200,30.24288900,31.03832400,31.78280200,31.02607200,30.75047500,31.96194400,30.19397600,31.74252800,32.16743100,30.36682000,30.61935200,31.59553300,30.04628600,31.31472100,32.33072300,29.82536400,30.45703100,30.56710200,31.12483500,30.29697400,29.63383400,31.12707300,30.79172800,30.32103000
