depth, time(s), standardDev, maxDelta, minDelta
100, 30.86998322, 0.77080559, 1.92075478, 1.53489522
