depth, time(s), standardDev, maxDelta, minDelta
100, 31.52514556, 0.77768748, 2.40582044, 1.51406456
