depth, time(s), standardDev, maxDelta, minDelta
100, 81.72956504, 2.25274760, 5.24966796, 5.13880604
