depth, time(s), standardDev, maxDelta, minDelta
100, 632.52419064, 99.69685454, 306.53635536, 104.89287364
