depth, trials
100,543.97011100,580.05508300,551.18655300,527.63131700,562.09714900,609.05423800,570.37334800,556.28925700,536.39570200,539.48999100,537.48227700,574.44292500,569.85766400,579.60832700,582.48874500,565.36588000,562.71516100,563.08165700,589.33186300,609.50087200,565.13309500,589.55386100,612.36942300,581.40682200,555.27239900,597.55983100,600.81943200,603.14830100,575.98878300,595.55430100,592.71775300,634.76417400,609.75057600,666.84523900,639.21599500,650.28199300,613.12829200,653.95338500,662.71916100,637.66475300,743.13833800,741.08421000,745.19206100,695.20635900,774.72893500,836.74348900,853.79375100,931.03320900,939.06054600,817.96294500
