depth, trials
100,258.45432600,262.04837300,271.22045100,291.13648200,308.16456500,305.84806900,299.52398500,295.01713000,298.76853000,303.81424300,297.14824900,305.82631800,305.09017200,299.52758700,303.42462000,300.88944200,314.90830900,338.47725200,391.36198800,405.12876500,445.90527100,506.79977500,485.41270700,534.29762200,550.52544700,552.38575900,580.37976600,556.93251100,525.56977500,526.58232900,556.43957200,557.85452800,562.45309300,557.62355400,606.22536100,612.65304600,605.55479200,605.57784400,604.63446700,611.44136900,605.54956500,603.27950300,595.14552200,609.54398700,615.23048600,597.58963800,600.45695200,614.95524900,610.26662800,578.92170900
