depth, time(s), standardDev, maxDelta, minDelta
100, 466.63933366, 135.56549950, 148.59115234, 208.18500766
