depth, trials
100,167.25253900,166.99387500,166.21669300,167.08063800,167.09286900
