depth, time(s), standardDev, maxDelta, minDelta
100, 166.92732280, 0.36499331, 0.32521620, 0.71062980
