numRanks,numThreads,speedup,depth, time(s), standardDev, maxDelta, minDelta
8,16,1.0,100, 306.44304184, 13.52147570, 37.21593516, 24.14831984
16,16,1.30221932385,100, 235.32367876, 8.67307456, 18.69820524, 16.05737676
32,16,1.69157900476,100, 181.15798374, 4.07344129, 13.39232826, 10.11333374
64,16,2.86915856023,100, 106.80589288, 4.23322952, 10.07344512, 8.80198188
