depth, time(s), standardDev, maxDelta, minDelta
100, 338.09510140, 4.14430013, 8.73798660, 8.73520740
