depth, time(s), standardDev, maxDelta, minDelta
100, 2.33660930, 0.05784198, 0.12471870, 0.13339030
