depth, time(s), standardDev, maxDelta, minDelta
100, 864.29057062, 182.33114514, 252.88673638, 452.82174362
