depth, time(s), standardDev, maxDelta, minDelta
10, 0.00319488, 0.01482684, 0.10378712, 0.00222188
