depth, time(s), standardDev, maxDelta, minDelta
100, 12.00102176, 0.32492142, 0.63004524, 0.63109276
