depth, time(s), standardDev, maxDelta, minDelta
10, 0.00213985, 0.00419152, 0.01816015, 0.00147685
