depth, time(s), standardDev, maxDelta, minDelta
100, 25.69784280, 0.46490803, 1.05471720, 0.91923180
