depth, time(s), standardDev, maxDelta, minDelta
100, 3.62658002, 0.09686227, 0.26123798, 0.17151202
