depth, time(s), standardDev, maxDelta, minDelta
100, 99.53359002, 3.39664630, 7.09028498, 6.67287902
