depth, time(s), standardDev, maxDelta, minDelta
100, 106.80589288, 4.23322952, 10.07344512, 8.80198188
