depth, trials
100,103.55208900,98.00391100,100.10903200,98.51267500,102.46228400,103.35294700,107.47624800,100.15185800,103.52143300,107.69850500,101.45794800,105.58715200,108.81944600,99.51156100,109.85289600,103.48839700,108.00848600,110.78351300,101.78433400,106.81288200,108.68490100,110.67364000,111.81348500,109.24015800,108.68864900,116.17373900,116.87933800,108.57714100,108.42316200,109.57894500,108.32935300,110.06485200,113.07763900,108.46702000,111.85090800,110.56586000,107.33801800,105.10818000,104.22700200,108.64516200,110.65956400,103.88382000,105.59725300,101.38097800,109.23895600,106.71917300,107.38291600,108.23366300,101.46561700,108.37795500
