depth, time(s), standardDev, maxDelta, minDelta
100, 44.62887358, 1.05641470, 2.66078742, 1.97180258
