depth, time(s), standardDev, maxDelta, minDelta
100, 115.64765316, 2.36407603, 6.59166584, 5.89668916
