depth, time(s), standardDev, maxDelta, minDelta
100, 104.23203128, 1.13851068, 2.93426572, 2.48728628
