depth, trials
100,103.98644700,103.23288600,104.51173000,103.67050800,104.11109400,105.91818300,103.58731400,103.55901700,104.24676900,101.94957000,103.50117200,105.27591800,102.31546100,104.01571800,101.74474500,103.78578400,104.53110800,104.14597300,103.31188500,104.12170600,103.46084900,107.16629700,105.08853900,103.25905200,103.41508400,105.10976100,101.80031400,105.15046100,104.08728800,105.58905100,105.56140400,103.56707200,104.95719100,104.65754600,104.45101500,105.16050800,105.09492000,103.68010700,103.17368600,104.18597100,106.29895400,104.88670000,102.86254300,104.14644300,105.30305300,104.01519500,104.35775900,106.80782000,104.79049700,103.99349600
