depth, time(s), standardDev, maxDelta, minDelta
100, 100.99279572, 1.17529955, 2.66285828, 2.79419572
