depth, time(s), standardDev, maxDelta, minDelta
100, 181.15798374, 4.07344129, 13.39232826, 10.11333374
