depth, trials
100,176.59339200,188.17058500,183.47429500,177.15580100,171.04465000,180.18567900,178.73915800,183.10101600,179.97026600,181.94488100,183.95358200,177.36333600,179.48233300,184.86261700,180.32791700,172.48183900,180.27468100,179.40522400,179.23745100,179.74973000,194.55031200,180.40380900,187.90773700,179.85634300,186.53742800,178.24733600,180.55082400,182.09289000,180.87694800,181.95705900,185.62456800,179.42599800,177.25547200,178.49023700,183.29278000,174.61489900,184.68897800,180.14742500,182.35129000,182.46024300,180.27575100,184.98502300,184.38273900,183.77069100,178.69521000,188.90853200,177.81465800,177.57525700,180.84027300,181.80004400
