depth, time(s), standardDev, maxDelta, minDelta
100, 120.97700420, 3.87159868, 7.69133780, 8.69204420
