depth, trials
100,118.39756600,124.59148000,112.38502500,118.30463200,118.06426700,115.90389200,121.83778200,114.30957600,117.00360300,118.19884300,119.86191800,122.00013600,125.63339200,126.30618300,125.56719400,123.98662600,119.30443900,120.49125300,124.39067200,118.40973300,124.67030400,118.29489000,115.65822500,120.34520000,120.17318600,117.01991200,119.99329500,121.13274800,123.97269600,125.04712000,118.68230200,126.11079100,122.33659200,121.20043800,122.69755300,117.95141800,127.42474700,121.14629900,123.26829100,119.89024800,115.51213300,128.66834200,120.74464300,112.28496000,119.04567700,128.06592100,121.04633600,126.60389600,123.29326300,121.62057200
