depth, time(s), standardDev, maxDelta, minDelta
100, 55.08765318, 0.71353916, 1.41451682, 1.53117018
