depth, time(s), standardDev, maxDelta, minDelta
100, 56.24741410, 1.00700150, 2.57156390, 2.51043010
