depth, trials
100,56.31246000,55.10783700,53.55648300,55.80575000,55.27154200,54.99907900,54.62149200,55.38058300,56.08417300,55.63448900,53.68443100,55.47704100,54.77907000,55.35638400,56.31999800,55.08364300,54.50392500,56.50217000,54.99141700,53.60371400,55.46643600,56.37874000,54.18507700,53.91198000,55.09401400,55.88988800,54.68637400,54.64292900,55.26509700,54.97571300,54.55550800,54.99180100,56.33408700,54.02699500,55.91466700,55.02273900,54.38769300,54.95306400,55.04606500,55.12214800,55.51972800,54.13759900,54.70595900,55.31017700,55.41421300,55.05194800,55.43938900,55.31095400,54.53377500,55.03222100
