depth, trials
100,19.48741200,19.35241300,19.42000400,19.48813000,21.19672300,20.64071300,20.14043800,20.55048000,19.96049000,20.81887800,20.01728600,21.17373700,19.87385200,20.95853800,20.06060300,19.00570700,20.44657600,20.26186900,19.86605900,21.19581500,19.70689800,21.05164300,19.70928000,21.73676300,19.95910800,19.85054400,20.90093900,19.71778700,20.97149300,19.92118400,20.07801200,19.35751700,19.28982300,20.87823400,19.60102300,20.00448600,20.35172200,22.64300900,20.14664800,19.68189200,20.91739400,20.94126200,19.85114800,19.41751300,20.83495400,19.10979100,19.27612200,20.05546100,19.95790900,20.47900200
