depth, time(s), standardDev, maxDelta, minDelta
100, 17.41441656, 0.70566608, 2.48200844, 0.94412356
