depth, time(s), standardDev, maxDelta, minDelta
100, 20.20628568, 0.72927208, 2.43672332, 1.20057868
