depth, time(s), standardDev, maxDelta, minDelta
100, 0.01606950, 0.00769914, 0.02101250, 0.00594250
