depth, time(s), standardDev, maxDelta, minDelta
100, 7.73923330, 0.59311191, 1.18164770, 0.72848530
