depth, time(s), standardDev, maxDelta, minDelta
100, 188.20302040, 2.22690611, 4.16716460, 2.24958640
