depth, trials
100,192.37018500,186.98815000,185.95343400,188.42036900,187.28296400
