depth, time(s), standardDev, maxDelta, minDelta
100, 183.94325836, 2.06548906, 5.40991664, 5.21123136
