depth, time(s), standardDev, maxDelta, minDelta
100, 187.63094886, 2.79872806, 7.89293714, 5.59288486
