depth, trials
100,195.52388600,193.02282200,190.89242900,185.09532800,184.44464300,186.93721000,189.35741300,184.25093700,186.46389600,190.88148100,188.87168100,184.68515900,189.06224400,185.61560900,189.39159100,182.03806400,185.25472100,188.37565600,186.30906500,189.18560900,191.01689600,189.50795100,184.64255700,184.77042400,186.97389200,185.99773400,187.28687800,191.32590500,183.83540100,187.06963000,185.52623700,191.62584900,184.76629100,188.40614700,185.70793000,185.60684200,183.67957800,186.37046200,187.36783000,193.92538300,188.41008600,187.16507200,187.17168800,191.61495500,185.89373800,188.75427700,185.74281700,188.43629500,188.90543100,188.38382300
