depth, time(s), standardDev, maxDelta, minDelta
100, 672.87056646, 3.69224274, 10.89281354, 9.34897746
