depth, trials
100,670.18123100,672.85757200,678.04694000,683.76338000,671.93895400,671.90144700,671.72566400,670.62343900,673.40601500,671.39108700,672.35086700,677.46873300,671.62811700,669.89036400,669.11678200,678.41878400,678.75782300,668.67475900,671.12573900,670.48847800,674.95607600,671.80602400,669.76405500,674.14232100,674.50576400,663.52158900,676.42896900,665.73119700,675.48635800,672.26559800,674.44513300,679.48830500,674.51412200,674.36430300,674.18903300,671.22344500,669.74308500,675.87292800,669.63996000,679.02472000,672.08134400,672.17609700,675.74304000,674.21643800,673.27731200,673.41303800,672.67886500,669.97530900,668.87050400,666.22721600
