depth, time(s), standardDev, maxDelta, minDelta
100, 235.32367876, 8.67307456, 18.69820524, 16.05737676
