depth, time(s), standardDev, maxDelta, minDelta
100, 131.76392006, 14.90922340, 16.65562294, 38.95410006
