depth, trials
100,223.81236000,224.37726300,232.52362200,227.12781800,226.39663000,226.47164900,253.24948700,242.38830400,224.72186400,226.57650600,236.47368100,222.62428400,234.20346700,219.26630200,226.09233800,242.43858700,241.59294600,229.53932900,228.08046400,229.39702200,228.77644100,240.21478900,230.07367400,239.84005400,238.78937500,236.18601900,240.50868900,225.97912700,225.80395500,253.47312200,227.56003900,238.98564300,239.18820300,235.97712500,239.51780700,237.90257900,234.91994400,243.16459900,243.63876700,233.16062800,228.72049700,249.62336800,228.79579300,254.02188400,236.70715500,246.73386900,235.90278600,240.33643400,249.27601200,245.05163800
